-- CREAZIONE TABELLE
DROP TABLE IF EXISTS Composizione CASCADE;
DROP TABLE IF EXISTS Prenotazione CASCADE;
DROP TABLE IF EXISTS Contenuto CASCADE;
DROP TABLE IF EXISTS Fornitura CASCADE;
DROP TABLE IF EXISTS Fornitore CASCADE;
DROP TABLE IF EXISTS Inventario CASCADE;
DROP TABLE IF EXISTS Ricetta CASCADE;
DROP TABLE IF EXISTS Ingrediente CASCADE;
DROP TABLE IF EXISTS Piatto CASCADE;
DROP TABLE IF EXISTS Ordine CASCADE;
DROP TABLE IF EXISTS Cliente CASCADE;
DROP TABLE IF EXISTS Tavolo CASCADE;
DROP TABLE IF EXISTS Sala CASCADE;
DROP TABLE IF EXISTS Dipendente CASCADE;
DROP TABLE IF EXISTS Filiale CASCADE;

CREATE TABLE Filiale (
  id SERIAL PRIMARY KEY,
  indirizzo VARCHAR(255) NOT NULL,
  citta VARCHAR(100) NOT NULL,
  telefono VARCHAR(20) NOT NULL
);

CREATE TABLE Dipendente (
  cf CHAR(16) PRIMARY KEY,
  nome VARCHAR(50) NOT NULL,
  cognome VARCHAR(50) NOT NULL,
  mansione VARCHAR(20) NOT NULL CHECK (mansione IN ('manager','caposala','cuoco','cameriere')),
  stipendio NUMERIC(10,2) NOT NULL,
  filiale INT NOT NULL,
  FOREIGN KEY (filiale) REFERENCES Filiale(id)
);

CREATE TABLE Sala (
  caposala CHAR(16) NOT NULL,
  nome VARCHAR(50) NOT NULL,
  PRIMARY KEY (caposala, nome),
  FOREIGN KEY (caposala) REFERENCES Dipendente(cf)
);

CREATE TABLE Tavolo (
  caposala CHAR(16) NOT NULL,
  sala VARCHAR(50) NOT NULL,
  numero INT NOT NULL,
  num_posti INT NOT NULL,
  PRIMARY KEY (caposala, sala, numero),
  FOREIGN KEY (caposala, sala) REFERENCES Sala(caposala, nome)
);

CREATE TABLE Cliente (
  email VARCHAR(100) PRIMARY KEY,
  nome VARCHAR(50) NOT NULL,
  cognome VARCHAR(50) NOT NULL,
  telefono VARCHAR(20) NOT NULL
);

CREATE TABLE Ordine (
  id BIGSERIAL PRIMARY KEY,
  data_ordinazione DATE NOT NULL,
  ora_ordinazione TIME NOT NULL,
  indirizzo_consegna VARCHAR(255),
  citta_consegna VARCHAR(100),
  is_delivery BOOLEAN NOT NULL,
  cliente VARCHAR(100) NOT NULL,
  filiale INT NOT NULL,
  FOREIGN KEY (cliente) REFERENCES Cliente(email),
  FOREIGN KEY (filiale) REFERENCES Filiale(id),
  CHECK (
    (is_delivery AND indirizzo_consegna IS NOT NULL AND citta_consegna IS NOT NULL)
    OR
    (NOT is_delivery AND indirizzo_consegna IS NULL AND citta_consegna IS NULL)
  )
);

CREATE TABLE Piatto (
  nome VARCHAR(100) PRIMARY KEY,
  prezzo NUMERIC(6,2) NOT NULL CHECK (prezzo > 0),
  categoria VARCHAR(20) NOT NULL CHECK (categoria IN ('antipasto','primo','secondo','dolce'))
);

CREATE TABLE Ingrediente (
  nome VARCHAR(100) PRIMARY KEY,
  unita_misura VARCHAR(20) NOT NULL
);

CREATE TABLE Ricetta (
  piatto VARCHAR(100) NOT NULL,
  ingrediente VARCHAR(100) NOT NULL,
  quantita INT NOT NULL CHECK (quantita > 0),
  PRIMARY KEY (piatto, ingrediente),
  FOREIGN KEY (piatto) REFERENCES Piatto(nome),
  FOREIGN KEY (ingrediente) REFERENCES Ingrediente(nome)
);

CREATE TABLE Inventario (
  ingrediente VARCHAR(100) NOT NULL,
  filiale INT NOT NULL,
  quantita INT NOT NULL CHECK (quantita >= 0),
  PRIMARY KEY (ingrediente, filiale),
  FOREIGN KEY (ingrediente) REFERENCES Ingrediente(nome),
  FOREIGN KEY (filiale) REFERENCES Filiale(id)
);

CREATE TABLE Fornitore (
  partita_iva CHAR(11) PRIMARY KEY,
  telefono VARCHAR(20) NOT NULL,
  email VARCHAR(100) NOT NULL
);

CREATE TABLE Fornitura (
  id BIGSERIAL PRIMARY KEY,
  manager CHAR(16) NOT NULL,
  fornitore CHAR(11) NOT NULL,
  data DATE NOT NULL,
  ora TIME NOT NULL,
  FOREIGN KEY (manager) REFERENCES Dipendente(cf),
  FOREIGN KEY (fornitore) REFERENCES Fornitore(partita_iva)
);

CREATE TABLE Contenuto (
  fornitura BIGINT NOT NULL,
  ingrediente VARCHAR(100) NOT NULL,
  quantita INT NOT NULL CHECK (quantita > 0),
  prezzo_unita NUMERIC(6,2) NOT NULL CHECK (prezzo_unita > 0),
  PRIMARY KEY (fornitura, ingrediente),
  FOREIGN KEY (fornitura) REFERENCES Fornitura(id),
  FOREIGN KEY (ingrediente) REFERENCES Ingrediente(nome)
);

CREATE TABLE Prenotazione (
  cliente VARCHAR(100) NOT NULL,
  caposala CHAR(16) NOT NULL,
  sala VARCHAR(50) NOT NULL,
  tavolo INT NOT NULL,
  data_prenotazione DATE NOT NULL,
  ora_inizio TIME NOT NULL,
  ora_fine TIME,
  num_persone INT NOT NULL CHECK (num_persone > 0),
  PRIMARY KEY (cliente, caposala, sala, tavolo, data_prenotazione, ora_inizio),
  FOREIGN KEY (cliente) REFERENCES Cliente(email),
  FOREIGN KEY (caposala, sala, tavolo) REFERENCES Tavolo(caposala, sala, numero)
);

CREATE TABLE Composizione (
  ordine BIGINT NOT NULL,
  piatto VARCHAR(100) NOT NULL,
  quantita INT NOT NULL CHECK (quantita > 0),
  PRIMARY KEY (ordine, piatto),
  FOREIGN KEY (ordine) REFERENCES Ordine(id),
  FOREIGN KEY (piatto) REFERENCES Piatto(nome)
);


-- POPOLAZIONE TABELLE
INSERT INTO Filiale (indirizzo, citta, telefono) VALUES
  ('Via Roma 10','Roma','+39 06 12345678'),
  ('Corso Vittorio Emanuele II 15','Torino','+39 011 2345678'),
  ('Via Mazzini 42','Milano','+39 02 9876543'),
  ('Piazza del Duomo 1','Firenze','+39 055 7654321'),
  ('Via Toledo 189','Napoli','+39 081 8765432'),
  ('Piazza Sant''Oronzo 3','Lecce','+39 0832 123456'),
  ('Corso Garibaldi 20','Genova','+39 010 3456789'),
  ('Via Michelangelo Buonarroti 25','Bologna','+39 051 2345678'),
  ('Via XX Settembre 50','Bari','+39 080 112233'),
  ('Via Giuseppe Verdi 8','Verona','+39 045 223344');

INSERT INTO Dipendente (cf, nome, cognome, mansione, stipendio, filiale) VALUES
  ('CASSMI80C03F205A','Simone','Casale','manager',2300.00,1),
  ('DCTFRC75A05L219C','Francesco','Decata','manager',2400.00,2),
  ('LLMGLR89E16J452W','Lucia','Lomazzi','manager',2500.00,3),
  ('PLBSDL77G17V501K','Paola','Libardi','manager',2350.00,4),
  ('MZTPLO83I29X321L','Matteo','Pioli','manager',2450.00,5),
  ('TPRFRN79K10N456M','Valentina','Tripodi','manager',2550.00,6),
  ('VNTGRT76M21O789P','Roberto','Venturi','manager',2600.00,7),
  ('BRTMRA91A01C354L','Martina','Bruno','manager',1650.00,8),
  ('TSDNDR83C25E456Q','Alessandro','Testoni','manager',1200.00,9),
  ('PRSLGA82E17H234M','Gianluca','Parisi','manager',1250.00,10),
  ('BRCBRG82H12E701B','Beatrice','Barone','caposala',1800.00,1),
  ('SCNLRN86G05J345P','Lorenzo','Scandali','caposala',1180.00,1),
  ('MLGSPN87G20H805K','Giulia','Malagò','caposala',1830.00,1),
  ('SRTGLI78D02N890D','Giorgia','Serra','caposala',1850.00,2),
  ('ZNNTRR92H14J890N','Raffaella','Zanetti','caposala',1630.00,2),
  ('SPNTRN88H21I905L','Vanessa','Spinetti','caposala',1885.00,2),
  ('RNCLTC84F23R123P','Riccardo','Nencini','caposala',1900.00,3),
  ('BRGTRN89I22J015M','Martina','Bergamini','caposala',1875.00,3),
  ('STFNRT90K11D234V','Stefano','Moretti','caposala',1220.00,3),
  ('PLARCZ85M20L654N','Paola','Rocchi','caposala',1670.00,4),
  ('CPLCRN90J23K125N','Sara','Capellini','caposala',1900.00,4),
  ('FNDTRD80H04Q876X','Federica','Nistri','caposala',1820.00,4),
  ('VRDCFN81A01F205R','Federico','Verdi','caposala',1850.00,5),
  ('BGNLSS85J07C998N','Bianca','Galli','caposala',1880.00,5),
  ('MTPCLL82B15C305E','Camilla','Monti','caposala',1825.00,6),
  ('CRDGFR81L17S654Z','Riccarda','Cardone','caposala',1920.00,6),
  ('SLQLPR83C16D405F','Alessia','Squillari','caposala',1870.00,7),
  ('SMRHRS88N12T123Q','Sara','Smeraldi','caposala',1875.00,7),
  ('BGLLNC84D17E505G','Elisabetta','Bogli','caposala',1890.00,8),
  ('PLCFRN89B15F123S','Franco','Pellicone','caposala',1150.00,8),
  ('TRNCLR85E18F605H','Chiara','Tornatore','caposala',1840.00,9),
  ('GMCFSD88D30G789X','Stefania','Gomez','caposala',1700.00,9),
  ('DRTCFN86F19G705J','Francesca','D''Artica','caposala',1860.00,10),
  ('MGNLNZ95F22L567T','Monica','Magni','caposala',1680.00,10);

  

INSERT INTO Sala (caposala, nome) VALUES
  ('BRCBRG82H12E701B', 'F1_S1'),
  ('SCNLRN86G05J345P', 'F1_S2'),
  ('MLGSPN87G20H805K', 'F1_S3'),
  ('SRTGLI78D02N890D', 'F2_S1'),
  ('ZNNTRR92H14J890N', 'F2_S2'),
  ('SPNTRN88H21I905L', 'F2_S3'),
  ('RNCLTC84F23R123P', 'F3_S1'),
  ('BRGTRN89I22J015M', 'F3_S2'),
  ('STFNRT90K11D234V', 'F3_S3'),
  ('PLARCZ85M20L654N', 'F4_S1'),
  ('CPLCRN90J23K125N', 'F4_S2'),
  ('FNDTRD80H04Q876X', 'F4_S3'),
  ('VRDCFN81A01F205R', 'F5_S1'),
  ('BGNLSS85J07C998N', 'F5_S2'),
  ('MTPCLL82B15C305E', 'F6_S1'),
  ('CRDGFR81L17S654Z', 'F6_S2'),
  ('SLQLPR83C16D405F', 'F7_S1'),
  ('SMRHRS88N12T123Q', 'F7_S2'),
  ('BGLLNC84D17E505G', 'F8_S1'),
  ('PLCFRN89B15F123S', 'F8_S2'),
  ('TRNCLR85E18F605H', 'F9_S1'),
  ('GMCFSD88D30G789X', 'F9_S2'),
  ('DRTCFN86F19G705J', 'F10_S1'),
  ('MGNLNZ95F22L567T', 'F10_S2');


INSERT INTO Tavolo (caposala, sala, numero, num_posti) VALUES
  ('BRCBRG82H12E701B', 'F1_S1', 1, 4),
  ('BRCBRG82H12E701B', 'F1_S1', 2, 6),
  ('BRCBRG82H12E701B', 'F1_S1', 3, 2),
  ('BRCBRG82H12E701B', 'F1_S1', 4, 8),
  ('SCNLRN86G05J345P', 'F1_S2', 1, 4),
  ('SCNLRN86G05J345P', 'F1_S2', 2, 6),
  ('SCNLRN86G05J345P', 'F1_S2', 3, 2),
  ('SCNLRN86G05J345P', 'F1_S2', 4, 8),
  ('MLGSPN87G20H805K', 'F1_S3', 1, 4),
  ('MLGSPN87G20H805K', 'F1_S3', 2, 6),
  ('MLGSPN87G20H805K', 'F1_S3', 3, 2),
  ('MLGSPN87G20H805K', 'F1_S3', 4, 8),
  ('SRTGLI78D02N890D', 'F2_S1', 1, 4),
  ('SRTGLI78D02N890D', 'F2_S1', 2, 6),
  ('SRTGLI78D02N890D', 'F2_S1', 3, 2),
  ('SRTGLI78D02N890D', 'F2_S1', 4, 8),
  ('ZNNTRR92H14J890N', 'F2_S2', 1, 4),
  ('ZNNTRR92H14J890N', 'F2_S2', 2, 6),
  ('ZNNTRR92H14J890N', 'F2_S2', 3, 2),
  ('ZNNTRR92H14J890N', 'F2_S2', 4, 8),
  ('SPNTRN88H21I905L', 'F2_S3', 1, 4),
  ('SPNTRN88H21I905L', 'F2_S3', 2, 6),
  ('SPNTRN88H21I905L', 'F2_S3', 3, 2),
  ('SPNTRN88H21I905L', 'F2_S3', 4, 8),
  ('RNCLTC84F23R123P', 'F3_S1', 1, 4),
  ('RNCLTC84F23R123P', 'F3_S1', 2, 6),
  ('RNCLTC84F23R123P', 'F3_S1', 3, 2),
  ('RNCLTC84F23R123P', 'F3_S1', 4, 8),
  ('BRGTRN89I22J015M', 'F3_S2', 1, 4),
  ('BRGTRN89I22J015M', 'F3_S2', 2, 6),
  ('BRGTRN89I22J015M', 'F3_S2', 3, 2),
  ('BRGTRN89I22J015M', 'F3_S2', 4, 8),
  ('STFNRT90K11D234V', 'F3_S3', 1, 4),
  ('STFNRT90K11D234V', 'F3_S3', 2, 6),
  ('STFNRT90K11D234V', 'F3_S3', 3, 2),
  ('STFNRT90K11D234V', 'F3_S3', 4, 8),
  ('PLARCZ85M20L654N', 'F4_S1', 1, 4),
  ('PLARCZ85M20L654N', 'F4_S1', 2, 6),
  ('PLARCZ85M20L654N', 'F4_S1', 3, 2),
  ('PLARCZ85M20L654N', 'F4_S1', 4, 8),
  ('CPLCRN90J23K125N', 'F4_S2', 1, 4),
  ('CPLCRN90J23K125N', 'F4_S2', 2, 6),
  ('CPLCRN90J23K125N', 'F4_S2', 3, 2),
  ('CPLCRN90J23K125N', 'F4_S2', 4, 8),
  ('FNDTRD80H04Q876X', 'F4_S3', 1, 4),
  ('FNDTRD80H04Q876X', 'F4_S3', 2, 6),
  ('FNDTRD80H04Q876X', 'F4_S3', 3, 2),
  ('FNDTRD80H04Q876X', 'F4_S3', 4, 8),
  ('VRDCFN81A01F205R', 'F5_S1', 1, 4),
  ('VRDCFN81A01F205R', 'F5_S1', 2, 6),
  ('VRDCFN81A01F205R', 'F5_S1', 3, 2),
  ('VRDCFN81A01F205R', 'F5_S1', 4, 8),
  ('BGNLSS85J07C998N', 'F5_S2', 1, 4),
  ('BGNLSS85J07C998N', 'F5_S2', 2, 6),
  ('BGNLSS85J07C998N', 'F5_S2', 3, 2),
  ('BGNLSS85J07C998N', 'F5_S2', 4, 8),
  ('MTPCLL82B15C305E', 'F6_S1', 1, 4),
  ('MTPCLL82B15C305E', 'F6_S1', 2, 6),
  ('MTPCLL82B15C305E', 'F6_S1', 3, 2),
  ('MTPCLL82B15C305E', 'F6_S1', 4, 8),
  ('CRDGFR81L17S654Z', 'F6_S2', 1, 4),
  ('CRDGFR81L17S654Z', 'F6_S2', 2, 6),
  ('CRDGFR81L17S654Z', 'F6_S2', 3, 2),
  ('CRDGFR81L17S654Z', 'F6_S2', 4, 8),
  ('SLQLPR83C16D405F', 'F7_S1', 1, 4),
  ('SLQLPR83C16D405F', 'F7_S1', 2, 6),
  ('SLQLPR83C16D405F', 'F7_S1', 3, 2),
  ('SLQLPR83C16D405F', 'F7_S1', 4, 8),
  ('SMRHRS88N12T123Q', 'F7_S2', 1, 4),
  ('SMRHRS88N12T123Q', 'F7_S2', 2, 6),
  ('SMRHRS88N12T123Q', 'F7_S2', 3, 2),
  ('SMRHRS88N12T123Q', 'F7_S2', 4, 8),
  ('BGLLNC84D17E505G', 'F8_S1', 1, 4),
  ('BGLLNC84D17E505G', 'F8_S1', 2, 6),
  ('BGLLNC84D17E505G', 'F8_S1', 3, 2),
  ('BGLLNC84D17E505G', 'F8_S1', 4, 8),
  ('PLCFRN89B15F123S', 'F8_S2', 1, 4),
  ('PLCFRN89B15F123S', 'F8_S2', 2, 6),
  ('PLCFRN89B15F123S', 'F8_S2', 3, 2),
  ('PLCFRN89B15F123S', 'F8_S2', 4, 8),
  ('TRNCLR85E18F605H', 'F9_S1', 1, 4),
  ('TRNCLR85E18F605H', 'F9_S1', 2, 6),
  ('TRNCLR85E18F605H', 'F9_S1', 3, 2),
  ('TRNCLR85E18F605H', 'F9_S1', 4, 8),
  ('GMCFSD88D30G789X', 'F9_S2', 1, 4),
  ('GMCFSD88D30G789X', 'F9_S2', 2, 6),
  ('GMCFSD88D30G789X', 'F9_S2', 3, 2),
  ('GMCFSD88D30G789X', 'F9_S2', 4, 8),
  ('DRTCFN86F19G705J', 'F10_S1', 1, 4),
  ('DRTCFN86F19G705J', 'F10_S1', 2, 6),
  ('DRTCFN86F19G705J', 'F10_S1', 3, 2),
  ('DRTCFN86F19G705J', 'F10_S1', 4, 8),
  ('MGNLNZ95F22L567T', 'F10_S2', 1, 4),
  ('MGNLNZ95F22L567T', 'F10_S2', 2, 6),
  ('MGNLNZ95F22L567T', 'F10_S2', 3, 2),
  ('MGNLNZ95F22L567T', 'F10_S2', 4, 8);


INSERT INTO Cliente (email, nome, cognome, telefono) VALUES
  ('sara.colombo@example.com', 'Sara', 'Colombo', '+39 3902099969'),
  ('marco.russo@example.com', 'Marco', 'Russo', '+39 3727694430'),
  ('matteo.giuliani@example.com', 'Matteo', 'Giuliani', '+39 3560027313'),
  ('riccardo.ferrari@example.com', 'Riccardo', 'Ferrari', '+39 3726563708'),
  ('giorgio.mancini@example.com', 'Giorgio', 'Mancini', '+39 3528853029'),
  ('valentina.fontana@example.com', 'Valentina', 'Fontana', '+39 3488690725'),
  ('stefano.moretti@example.com', 'Stefano', 'Moretti', '+39 3335493870'),
  ('cristina.marini@example.com', 'Cristina', 'Marini', '+39 3248532577'),
  ('elena.colombo@example.com', 'Elena', 'Colombo', '+39 3647099690'),
  ('rossella.lombardi@example.com', 'Rossella', 'Lombardi', '+39 3629908599'),
  ('giada.serra@example.com', 'Giada', 'Serra', '+39 3197613238'),
  ('marco.vitale@example.com', 'Marco', 'Vitale', '+39 3911514914'),
  ('marco.santoro@example.com', 'Marco', 'Santoro', '+39 3150590821'),
  ('elena.marini@example.com', 'Elena', 'Marini', '+39 3217734861'),
  ('laura.testa@example.com', 'Laura', 'Testa', '+39 3264112119'),
  ('barbara.russo@example.com', 'Barbara', 'Russo', '+39 3773715057'),
  ('emanuele.moretti@example.com', 'Emanuele', 'Moretti', '+39 3271779360'),
  ('edoardo.costa@example.com', 'Edoardo', 'Costa', '+39 3950488739'),
  ('marco.marino@example.com', 'Marco', 'Marino', '+39 3830661141'),
  ('vincenzo.bellini@example.com', 'Vincenzo', 'Bellini', '+39 3553290810'),
  ('simone.mancini@example.com', 'Simone', 'Mancini', '+39 3740389325'),
  ('cristina.palmieri@example.com', 'Cristina', 'Palmieri', '+39 3168212356'),
  ('giada.lombardi@example.com', 'Giada', 'Lombardi', '+39 3513140753'),
  ('giorgio.russo@example.com', 'Giorgio', 'Russo', '+39 3509760584'),
  ('angela.conte@example.com', 'Angela', 'Conte', '+39 3739830322'),
  ('rossella.de luca@example.com', 'Rossella', 'De Luca', '+39 3602564736'),
  ('matteo.conte@example.com', 'Matteo', 'Conte', '+39 3668132202'),
  ('luca.giuliani@example.com', 'Luca', 'Giuliani', '+39 3369953851'),
  ('chiara.ferrari@example.com', 'Chiara', 'Ferrari', '+39 3694021782'),
  ('giada.luca@example.com', 'Giada', 'Luca', '+39 3112327652'),
  ('caterina.ferraro@example.com', 'Caterina', 'Ferraro', '+39 3830448745'),
  ('matteo.bernardi@example.com', 'Matteo', 'Bernardi', '+39 3873869166'),
  ('fabio.barone@example.com', 'Fabio', 'Barone', '+39 3222998994'),
  ('laura.luca@example.com', 'Laura', 'Luca', '+39 3831980933'),
  ('caterina.serra@example.com', 'Caterina', 'Serra', '+39 3676567501'),
  ('stefano.lombardi@example.com', 'Stefano', 'Lombardi', '+39 3906248900'),
  ('elena.ferrara@example.com', 'Elena', 'Ferrara', '+39 3386501362'),
  ('beatrice.colombo@example.com', 'Beatrice', 'Colombo', '+39 3925276600'),
  ('elena.donati@example.com', 'Elena', 'Donati', '+39 3788227492'),
  ('alice.barbieri@example.com', 'Alice', 'Barbieri', '+39 3465260635'),
  ('luigi.marino@example.com', 'Luigi', 'Marino', '+39 3219778234'),
  ('edoardo.santoro@example.com', 'Edoardo', 'Santoro', '+39 3415143362'),
  ('paola.marini@example.com', 'Paola', 'Marini', '+39 3566825638'),
  ('francesca.martini@example.com', 'Francesca', 'Martini', '+39 3269820594'),
  ('claudio.luca@example.com', 'Claudio', 'Luca', '+39 3587182120'),
  ('giuseppe.donati@example.com', 'Giuseppe', 'Donati', '+39 3103484630'),
  ('andrea.gallo@example.com', 'Andrea', 'Gallo', '+39 3875340444'),
  ('beatrice.rossi@example.com', 'Beatrice', 'Rossi', '+39 3872751234'),
  ('davide.santoro@example.com', 'Davide', 'Santoro', '+39 3382811832'),
  ('vincenzo.gallo@example.com', 'Vincenzo', 'Gallo', '+39 3637500247'),
  ('roberto.rossi@example.com', 'Roberto', 'Rossi', '+39 3918150683'),
  ('alice.luca@example.com', 'Alice', 'Luca', '+39 3291825997'),
  ('alberto.mancini@example.com', 'Alberto', 'Mancini', '+39 3645119047'),
  ('sabrina.villa@example.com', 'Sabrina', 'Villa', '+39 3214257751'),
  ('martina.pellegrini@example.com', 'Martina', 'Pellegrini', '+39 3771410971'),
  ('francesca.villa@example.com', 'Francesca', 'Villa', '+39 3420452650'),
  ('giorgio.marini@example.com', 'Giorgio', 'Marini', '+39 3786066793'),
  ('giovanna.mazza@example.com', 'Giovanna', 'Mazza', '+39 3645098869'),
  ('davide.giuliani@example.com', 'Davide', 'Giuliani', '+39 3753876785'),
  ('barbara.ferrari@example.com', 'Barbara', 'Ferrari', '+39 3313579170'),
  ('stefano.de luca@example.com', 'Stefano', 'De Luca', '+39 3264109919'),
  ('claudio.ricci@example.com', 'Claudio', 'Ricci', '+39 3501486939'),
  ('chiara.giordano@example.com', 'Chiara', 'Giordano', '+39 3273461957'),
  ('salvatore.giordano@example.com', 'Salvatore', 'Giordano', '+39 3679153816'),
  ('alice.romano@example.com', 'Alice', 'Romano', '+39 3936043811'),
  ('laura.marino@example.com', 'Laura', 'Marino', '+39 3669462919'),
  ('paola.ferraro@example.com', 'Paola', 'Ferraro', '+39 3100614068'),
  ('martina.farina@example.com', 'Martina', 'Farina', '+39 3743111853'),
  ('edoardo.testa@example.com', 'Edoardo', 'Testa', '+39 3448059918'),
  ('nicola.rossi@example.com', 'Nicola', 'Rossi', '+39 3624636385'),
  ('giuseppe.villa@example.com', 'Giuseppe', 'Villa', '+39 3120912992'),
  ('riccardo.russo@example.com', 'Riccardo', 'Russo', '+39 3220117054'),
  ('chiara.moretti@example.com', 'Chiara', 'Moretti', '+39 3489747629'),
  ('claudio.ferraro@example.com', 'Claudio', 'Ferraro', '+39 3992994062'),
  ('beatrice.esposito@example.com', 'Beatrice', 'Esposito', '+39 3966267851'),
  ('matteo.romano@example.com', 'Matteo', 'Romano', '+39 3430190783'),
  ('vincenzo.luca@example.com', 'Vincenzo', 'Luca', '+39 3357109965'),
  ('laura.fabbri@example.com', 'Laura', 'Fabbri', '+39 3162196678'),
  ('antonio.serra@example.com', 'Antonio', 'Serra', '+39 3358633898'),
  ('alessandro.ferrara@example.com', 'Alessandro', 'Ferrara', '+39 3709194872'),
  ('giorgio.bernardi@example.com', 'Giorgio', 'Bernardi', '+39 3184564737'),
  ('marco.luca@example.com', 'Marco', 'Luca', '+39 3191969690'),
  ('federica.farina@example.com', 'Federica', 'Farina', '+39 3885879795'),
  ('roberta.ferraro@example.com', 'Roberta', 'Ferraro', '+39 3621828280'),
  ('paola.donati@example.com', 'Paola', 'Donati', '+39 3976198296'),
  ('martina.fontana@example.com', 'Martina', 'Fontana', '+39 3174316370'),
  ('laura.mancini@example.com', 'Laura', 'Mancini', '+39 3916690353'),
  ('lucia.mariani@example.com', 'Lucia', 'Mariani', '+39 3671988889'),
  ('federica.bernardi@example.com', 'Federica', 'Bernardi', '+39 3922308461'),
  ('laura.barbieri@example.com', 'Laura', 'Barbieri', '+39 3235034324'),
  ('roberta.barbieri@example.com', 'Roberta', 'Barbieri', '+39 3808402051'),
  ('claudio.ferrara@example.com', 'Claudio', 'Ferrara', '+39 3610330567'),
  ('valentina.mazza@example.com', 'Valentina', 'Mazza', '+39 3690347116'),
  ('paola.pellegrini@example.com', 'Paola', 'Pellegrini', '+39 3277303722'),
  ('riccardo.bruno@example.com', 'Riccardo', 'Bruno', '+39 3384602384'),
  ('vincenzo.fabbri@example.com', 'Vincenzo', 'Fabbri', '+39 3666585408'),
  ('cristina.ricci@example.com', 'Cristina', 'Ricci', '+39 3751325257'),
  ('paola.giuliani@example.com', 'Paola', 'Giuliani', '+39 3554340903');


INSERT INTO Ordine (data_ordinazione, ora_ordinazione, indirizzo_consegna, citta_consegna, is_delivery, cliente, filiale) VALUES
  ('2025-01-17', '16:31:00', 'Via Milano 39', 'Padova', TRUE, 'rossella.lombardi@example.com', 10),
  ('2025-05-25', '14:05:00', NULL, NULL, FALSE, 'matteo.bernardi@example.com', 2),
  ('2025-02-27', '22:33:00', NULL, NULL, FALSE, 'davide.santoro@example.com', 8),
  ('2025-03-18', '19:27:00', 'Via Genova 190', 'Milano', TRUE, 'alice.barbieri@example.com', 10),
  ('2025-02-23', '20:13:00', 'Via Milano 45', 'Firenze', TRUE, 'laura.luca@example.com', 2),
  ('2025-01-20', '12:00:00', NULL, NULL, FALSE, 'alberto.mancini@example.com', 8),
  ('2025-03-16', '10:14:00', NULL, NULL, FALSE, 'elena.ferrara@example.com', 5),
  ('2025-01-19', '20:14:00', 'Via Napoli 30', 'Firenze', TRUE, 'laura.luca@example.com', 10),
  ('2025-02-27', '20:09:00', 'Via Roma 43', 'Padova', TRUE, 'caterina.serra@example.com', 3),
  ('2025-03-20', '19:47:00', NULL, NULL, FALSE, 'riccardo.russo@example.com', 5),
  ('2025-02-01', '17:44:00', NULL, NULL, FALSE, 'elena.donati@example.com', 7),
  ('2025-05-09', '18:31:00', 'Via Napoli 189', 'Bari', TRUE, 'giorgio.marini@example.com', 2),
  ('2025-03-06', '10:05:00', 'Via Torino 148', 'Roma', TRUE, 'giada.luca@example.com', 10),
  ('2025-02-14', '17:33:00', NULL, NULL, FALSE, 'federica.farina@example.com', 8),
  ('2025-02-16', '19:27:00', 'Via Napoli 90', 'Palermo', TRUE, 'giorgio.bernardi@example.com', 8),
  ('2025-03-27', '15:42:00', NULL, NULL, FALSE, 'elena.marini@example.com', 3),
  ('2025-04-16', '21:31:00', 'Via Napoli 23', 'Bari', TRUE, 'elena.ferrara@example.com', 7),
  ('2025-03-06', '15:07:00', 'Via Genova 119', 'Palermo', TRUE, 'cristina.ricci@example.com', 7),
  ('2025-01-14', '13:33:00', NULL, NULL, FALSE, 'andrea.gallo@example.com', 10),
  ('2025-04-24', '22:03:00', 'Via Torino 113', 'Venezia', TRUE, 'matteo.conte@example.com', 5),
  ('2025-05-05', '11:01:00', 'Via Milano 80', 'Firenze', TRUE, 'alessandro.ferrara@example.com', 10),
  ('2025-01-04', '18:26:00', 'Via Napoli 31', 'Catania', TRUE, 'marco.vitale@example.com', 4),
  ('2025-02-09', '17:59:00', NULL, NULL, FALSE, 'matteo.giuliani@example.com', 5),
  ('2025-04-17', '17:30:00', 'Via Napoli 49', 'Bologna', TRUE, 'matteo.bernardi@example.com', 8),
  ('2025-05-11', '21:56:00', NULL, NULL, FALSE, 'edoardo.costa@example.com', 2),
  ('2025-04-17', '15:59:00', 'Via Torino 186', 'Genova', TRUE, 'salvatore.giordano@example.com', 5),
  ('2025-05-29', '20:31:00', NULL, NULL, FALSE, 'vincenzo.bellini@example.com', 8),
  ('2025-03-30', '15:35:00', NULL, NULL, FALSE, 'vincenzo.fabbri@example.com', 9),
  ('2025-04-27', '15:55:00', NULL, NULL, FALSE, 'angela.conte@example.com', 4),
  ('2025-03-01', '22:26:00', NULL, NULL, FALSE, 'valentina.fontana@example.com', 6),
  ('2025-04-08', '16:42:00', NULL, NULL, FALSE, 'federica.farina@example.com', 3),
  ('2025-01-10', '12:32:00', 'Via Napoli 26', 'Firenze', TRUE, 'beatrice.esposito@example.com', 6),
  ('2025-04-27', '10:46:00', 'Via Roma 121', 'Padova', TRUE, 'marco.marino@example.com', 7),
  ('2025-03-09', '15:39:00', 'Via Torino 173', 'Trieste', TRUE, 'lucia.mariani@example.com', 7),
  ('2025-05-17', '16:20:00', 'Via Genova 18', 'Napoli', TRUE, 'alessandro.ferrara@example.com', 8),
  ('2025-03-15', '13:47:00', 'Via Roma 114', 'Torino', TRUE, 'marco.vitale@example.com', 7),
  ('2025-03-18', '10:02:00', NULL, NULL, FALSE, 'edoardo.santoro@example.com', 1),
  ('2025-04-02', '15:27:00', NULL, NULL, FALSE, 'marco.marino@example.com', 4),
  ('2025-05-25', '20:50:00', 'Via Roma 157', 'Trieste', TRUE, 'giorgio.russo@example.com', 3),
  ('2025-04-08', '19:43:00', 'Via Milano 119', 'Catania', TRUE, 'caterina.ferraro@example.com', 8),
  ('2025-03-07', '17:16:00', NULL, NULL, FALSE, 'paola.donati@example.com', 1),
  ('2025-03-15', '20:34:00', NULL, NULL, FALSE, 'simone.mancini@example.com', 2),
  ('2025-03-30', '19:19:00', NULL, NULL, FALSE, 'giorgio.bernardi@example.com', 7),
  ('2025-04-27', '14:12:00', 'Via Milano 98', 'Bologna', TRUE, 'vincenzo.gallo@example.com', 8),
  ('2025-04-02', '19:18:00', 'Via Napoli 71', 'Roma', TRUE, 'federica.bernardi@example.com', 5),
  ('2025-05-25', '20:49:00', NULL, NULL, FALSE, 'paola.pellegrini@example.com', 1),
  ('2025-03-15', '22:51:00', NULL, NULL, FALSE, 'giada.luca@example.com', 10),
  ('2025-02-26', '20:12:00', 'Via Roma 161', 'Catania', TRUE, 'antonio.serra@example.com', 5),
  ('2025-01-11', '14:50:00', NULL, NULL, FALSE, 'giorgio.marini@example.com', 1),
  ('2025-02-03', '11:58:00', NULL, NULL, FALSE, 'beatrice.colombo@example.com', 6),
  ('2025-02-14', '13:08:00', NULL, NULL, FALSE, 'edoardo.testa@example.com', 6),
  ('2025-02-12', '14:58:00', NULL, NULL, FALSE, 'claudio.ricci@example.com', 5),
  ('2025-01-30', '17:04:00', NULL, NULL, FALSE, 'marco.marino@example.com', 4),
  ('2025-05-23', '15:05:00', NULL, NULL, FALSE, 'roberto.rossi@example.com', 1),
  ('2025-05-18', '11:29:00', NULL, NULL, FALSE, 'beatrice.rossi@example.com', 5),
  ('2025-04-06', '11:43:00', 'Via Genova 144', 'Bari', TRUE, 'giada.luca@example.com', 8),
  ('2025-02-26', '20:04:00', NULL, NULL, FALSE, 'giorgio.bernardi@example.com', 8),
  ('2025-04-15', '11:08:00', NULL, NULL, FALSE, 'valentina.fontana@example.com', 1),
  ('2025-05-07', '11:06:00', 'Via Napoli 117', 'Bari', TRUE, 'caterina.ferraro@example.com', 9),
  ('2025-05-19', '16:37:00', NULL, NULL, FALSE, 'paola.pellegrini@example.com', 3),
  ('2025-01-26', '17:39:00', 'Via Torino 56', 'Verona', TRUE, 'alberto.mancini@example.com', 5),
  ('2025-04-24', '13:54:00', NULL, NULL, FALSE, 'andrea.gallo@example.com', 2),
  ('2025-05-20', '20:22:00', NULL, NULL, FALSE, 'cristina.marini@example.com', 7),
  ('2025-02-18', '11:54:00', 'Via Genova 6', 'Roma', TRUE, 'davide.giuliani@example.com', 2),
  ('2025-03-27', '13:08:00', 'Via Genova 54', 'Bologna', TRUE, 'riccardo.russo@example.com', 4),
  ('2025-02-25', '13:21:00', 'Via Torino 38', 'Torino', TRUE, 'paola.giuliani@example.com', 3),
  ('2025-05-19', '14:51:00', 'Via Milano 4', 'Bari', TRUE, 'giada.lombardi@example.com', 2),
  ('2025-03-02', '19:20:00', NULL, NULL, FALSE, 'matteo.giuliani@example.com', 3),
  ('2025-01-14', '12:47:00', 'Via Roma 122', 'Verona', TRUE, 'sabrina.villa@example.com', 9),
  ('2025-04-03', '18:37:00', 'Via Genova 12', 'Venezia', TRUE, 'elena.marini@example.com', 8),
  ('2025-05-14', '14:29:00', 'Via Napoli 103', 'Palermo', TRUE, 'marco.luca@example.com', 1),
  ('2025-01-28', '17:45:00', 'Via Torino 156', 'Torino', TRUE, 'giorgio.marini@example.com', 2),
  ('2025-01-17', '12:17:00', NULL, NULL, FALSE, 'antonio.serra@example.com', 10),
  ('2025-04-08', '19:33:00', NULL, NULL, FALSE, 'beatrice.colombo@example.com', 8),
  ('2025-01-26', '22:44:00', 'Via Napoli 116', 'Napoli', TRUE, 'laura.testa@example.com', 9),
  ('2025-04-16', '15:52:00', NULL, NULL, FALSE, 'davide.giuliani@example.com', 7),
  ('2025-01-25', '15:27:00', NULL, NULL, FALSE, 'luigi.marino@example.com', 5),
  ('2025-02-09', '20:59:00', 'Via Roma 24', 'Palermo', TRUE, 'stefano.de luca@example.com', 2),
  ('2025-01-25', '21:47:00', 'Via Genova 144', 'Firenze', TRUE, 'beatrice.rossi@example.com', 3),
  ('2025-03-26', '20:07:00', NULL, NULL, FALSE, 'alberto.mancini@example.com', 6),
  ('2025-01-14', '14:38:00', 'Via Genova 130', 'Napoli', TRUE, 'alice.barbieri@example.com', 6),
  ('2025-02-09', '20:30:00', NULL, NULL, FALSE, 'chiara.ferrari@example.com', 2),
  ('2025-05-23', '15:07:00', 'Via Napoli 144', 'Padova', TRUE, 'vincenzo.fabbri@example.com', 5),
  ('2025-05-23', '10:38:00', 'Via Milano 70', 'Venezia', TRUE, 'roberta.ferraro@example.com', 5),
  ('2025-03-21', '15:22:00', 'Via Genova 169', 'Palermo', TRUE, 'sara.colombo@example.com', 3),
  ('2025-01-18', '12:47:00', 'Via Genova 56', 'Palermo', TRUE, 'giorgio.bernardi@example.com', 1),
  ('2025-04-18', '17:21:00', NULL, NULL, FALSE, 'simone.mancini@example.com', 6),
  ('2025-03-25', '22:36:00', 'Via Milano 41', 'Padova', TRUE, 'matteo.romano@example.com', 2),
  ('2025-01-13', '20:05:00', NULL, NULL, FALSE, 'caterina.serra@example.com', 8),
  ('2025-05-05', '19:28:00', 'Via Genova 30', 'Bari', TRUE, 'sabrina.villa@example.com', 5),
  ('2025-04-21', '11:18:00', NULL, NULL, FALSE, 'martina.fontana@example.com', 10),
  ('2025-05-15', '20:19:00', NULL, NULL, FALSE, 'valentina.fontana@example.com', 4),
  ('2025-01-15', '10:13:00', 'Via Torino 75', 'Bari', TRUE, 'elena.donati@example.com', 4),
  ('2025-01-31', '10:31:00', 'Via Milano 98', 'Firenze', TRUE, 'paola.pellegrini@example.com', 7),
  ('2025-02-28', '18:35:00', 'Via Napoli 190', 'Roma', TRUE, 'paola.donati@example.com', 6),
  ('2025-04-22', '10:29:00', NULL, NULL, FALSE, 'rossella.lombardi@example.com', 6),
  ('2025-05-27', '16:45:00', NULL, NULL, FALSE, 'giorgio.bernardi@example.com', 7),
  ('2025-01-30', '16:01:00', NULL, NULL, FALSE, 'edoardo.santoro@example.com', 3),
  ('2025-04-03', '11:27:00', NULL, NULL, FALSE, 'elena.marini@example.com', 4),
  ('2025-04-13', '18:05:00', NULL, NULL, FALSE, 'roberto.rossi@example.com', 5);


INSERT INTO Piatto (nome, prezzo, categoria) VALUES
  ('Spaghetti al Pomodoro',       7.50,  'primo'),
  ('Penne all Arrabbiata',        8.20,  'primo'),
  ('Risotto ai Funghi',           12.30, 'primo'),
  ('Gnocchi al Pesto',            9.75,  'primo'),
  ('Fettuccine Alfredo',          11.60, 'primo'),
  ('Carbonara',                   10.50, 'primo'),
  ('Tortellini in Brodo',         13.00, 'primo'),
  ('Insalata Caprese',            6.80,  'antipasto'),
  ('Bruschetta al Pomodoro',      5.20,  'antipasto'),
  ('Affettati Misti',             14.40, 'antipasto'),
  ('Lasagna alla Bolognese',      13.90, 'primo'),
  ('Minestrone',                  7.10,  'primo'),
  ('Parmigiana di Melanzane',     10.25, 'secondo'),
  ('Ossobuco',                    18.50, 'secondo'),
  ('Saltimbocca alla Romana',     17.80, 'secondo'),
  ('Spezzatino di Manzo',         15.20, 'secondo'),
  ('Filetto di Salmone',          19.60, 'secondo'),
  ('Branzino al Forno',           18.00, 'secondo'),
  ('Frittura di Calamari',        12.75, 'secondo'),
  ('Tiramisu',                    6.90,  'dolce'),
  ('Crostatine ai Frutti di Bosco',7.50, 'dolce'),
  ('Sorbetto al Limone',          5.30,  'dolce');


INSERT INTO Ingrediente (nome, unita_misura) VALUES
  ('Spaghetti', 'grammi'),
  ('Fettuccine', 'grammi'),
  ('Pomodoro', 'grammi'),
  ('Olio di oliva', 'millilitri'),
  ('Basilico', 'grammi'),
  ('Penne', 'grammi'),
  ('Pepe', 'grammi'),
  ('Aglio', 'spicchi'),
  ('Riso Arborio', 'grammi'),
  ('Funghi', 'grammi'),
  ('Burro', 'grammi'),
  ('Parmigiano', 'grammi'),
  ('Gnocchi', 'grammi'),
  ('Panna', 'millilitri'),
  ('Guanciale', 'grammi'),
  ('Pecorino', 'grammi'),
  ('Uova', 'pezzi'),
  ('Mozzarella', 'grammi'),
  ('Melanzane', 'grammi'),
  ('Verdure Miste', 'grammi'),
  ('Patate', 'grammi'),
  ('Piselli', 'grammi'),
  ('Mascarpone', 'grammi'),
  ('Zucchero', 'grammi'),
  ('Carne di Manzo', 'grammi'),
  ('Limone', 'pezzi'),
  ('Prosciutto', 'grammi'),
  ('Spezzatino', 'grammi'),
  ('Carne di Maiale', 'grammi'),
  ('Filetto di Salmone', 'grammi'),
  ('Sale', 'grammi'),
  ('Branzino', 'grammi'),
  ('Prezzemolo', 'grammi'),
  ('Calamari', 'grammi'),
  ('Farina', 'grammi'),
  ('Olive', 'grammi'),
  ('Frutta Mista', 'grammi'),
  ('Acqua', 'millilitri'),
  ('Carpaccio di Manzo', 'grammi'),
  ('Farina di Mandorle', 'grammi'),
  ('Caffe', 'millilitri'),
  ('Lasagna', 'grammi'),
  ('Vino Bianco', 'millilitri'),
  ('Carne di Vitello', 'grammi'),
  ('Vino Rosso', 'millilitri'),
  ('Peperoncino', 'grammi'),
  ('Peperoni', 'grammi'),
  ('Zucchine', 'grammi'),
  ('Carciofi', 'grammi'),
  ('Cipolla', 'grammi'),
  ('Vitello', 'grammi'),
  ('Tortellini', 'grammi'),
  ('Cacao', 'grammi');


INSERT INTO Ricetta (piatto, ingrediente, quantita) VALUES
  ('Spaghetti al Pomodoro','Spaghetti',100),
  ('Spaghetti al Pomodoro','Pomodoro',180),
  ('Spaghetti al Pomodoro','Olio di oliva',10),
  ('Spaghetti al Pomodoro','Basilico',5),

  ('Penne all Arrabbiata','Penne',120),
  ('Penne all Arrabbiata','Pomodoro',150),
  ('Penne all Arrabbiata','Pepe',8),
  ('Penne all Arrabbiata','Aglio',3),

  ('Risotto ai Funghi','Riso Arborio',100),
  ('Risotto ai Funghi','Funghi',120),
  ('Risotto ai Funghi','Burro',20),
  ('Risotto ai Funghi','Parmigiano',30),

  ('Gnocchi al Pesto','Gnocchi',180),
  ('Gnocchi al Pesto','Basilico',20),
  ('Gnocchi al Pesto','Olio di oliva',30),
  ('Gnocchi al Pesto','Parmigiano',40),

  ('Fettuccine Alfredo','Fettuccine',150),
  ('Fettuccine Alfredo','Burro',50),
  ('Fettuccine Alfredo','Panna',60),
  ('Fettuccine Alfredo','Parmigiano',30),

  ('Carbonara','Spaghetti',100),
  ('Carbonara','Guanciale',80),
  ('Carbonara','Pecorino',30),
  ('Carbonara','Uova',2),

  ('Insalata Caprese','Pomodoro',80),
  ('Insalata Caprese','Mozzarella',80),
  ('Insalata Caprese','Basilico',5),
  ('Insalata Caprese','Olio di oliva',10),

  ('Parmigiana di Melanzane','Melanzane',150),
  ('Parmigiana di Melanzane','Pomodoro',100),
  ('Parmigiana di Melanzane','Mozzarella',80),
  ('Parmigiana di Melanzane','Parmigiano',30),

  ('Minestrone','Verdure Miste',200),
  ('Minestrone','Patate',50),
  ('Minestrone','Piselli',50),
  ('Minestrone','Olio di oliva',10),

  ('Tiramisu','Mascarpone',80),
  ('Tiramisu','Zucchero',20),
  ('Tiramisu','Uova',2),
  ('Tiramisu','Caffe',50),

  ('Lasagna alla Bolognese','Lasagna',200),
  ('Lasagna alla Bolognese','Carne di Manzo',150),
  ('Lasagna alla Bolognese','Pomodoro',120),
  ('Lasagna alla Bolognese','Parmigiano',50),

  ('Ossobuco','Vitello',180),
  ('Ossobuco','Vino Bianco',80),
  ('Ossobuco','Olio di oliva',20),
  ('Ossobuco','Limone',1),

  ('Saltimbocca alla Romana','Vitello',150),
  ('Saltimbocca alla Romana','Prosciutto',50),
  ('Saltimbocca alla Romana','Limone',1),
  ('Saltimbocca alla Romana','Olio di oliva',15),

  ('Spezzatino di Manzo','Spezzatino',200),
  ('Spezzatino di Manzo','Carne di Maiale',150),
  ('Spezzatino di Manzo','Vino Bianco',60),
  ('Spezzatino di Manzo','Olio di oliva',20),

  ('Filetto di Salmone','Filetto di Salmone',180),
  ('Filetto di Salmone','Limone',1),
  ('Filetto di Salmone','Olio di oliva',20),
  ('Filetto di Salmone','Sale',5),

  ('Branzino al Forno','Branzino',170),
  ('Branzino al Forno','Olio di oliva',25),
  ('Branzino al Forno','Limone',1),
  ('Branzino al Forno','Prezzemolo',5),

  ('Frittura di Calamari','Calamari',150),
  ('Frittura di Calamari','Farina',80),
  ('Frittura di Calamari','Olio di oliva',200),
  ('Frittura di Calamari','Limone',1),

  ('Affettati Misti','Prosciutto',50),
  ('Affettati Misti','Carpaccio di Manzo',40),
  ('Affettati Misti','Mozzarella',50),
  ('Affettati Misti','Olive',30),

  ('Crostatine ai Frutti di Bosco','Frutta Mista',100),
  ('Crostatine ai Frutti di Bosco','Farina',80),
  ('Crostatine ai Frutti di Bosco','Burro',40),
  ('Crostatine ai Frutti di Bosco','Zucchero',30),

  ('Sorbetto al Limone','Limone',100),
  ('Sorbetto al Limone','Zucchero',50),
  ('Sorbetto al Limone','Acqua',100),
  ('Sorbetto al Limone','Sale',1);

INSERT INTO Inventario (ingrediente, filiale, quantita) VALUES
  ('Spaghetti',1,253470),
  ('Pomodoro',1,307850),
  ('Olio di oliva',1,107320),
  ('Basilico',1,32450),
  ('Guanciale',1,119040),
  ('Pecorino',1,59210),
  ('Uova',1,7420),
  ('Penne',2,198230),
  ('Pomodoro',2,217940),
  ('Pepe',2,21780),
  ('Aglio',2,6350),
  ('Verdure Miste',2,177340),
  ('Patate',2,98050),
  ('Piselli',2,91230),
  ('Olio di oliva',2,51240),
  ('Lasagna',3,149650),
  ('Carne di Manzo',3,189340),
  ('Pomodoro',3,136720),
  ('Parmigiano',3,70940),
  ('Vitello',3,203450),
  ('Vino Bianco',3,62310),
  ('Olio di oliva',3,40870),
  ('Gnocchi',4,182340),
  ('Basilico',4,42560),
  ('Olio di oliva',4,61230),
  ('Parmigiano',4,50870),
  ('Vitello',4,159070),
  ('Prosciutto',4,49870),
  ('Limone',4,2530),
  ('Fettuccine',5,121870),
  ('Burro',5,79920),
  ('Panna',5,100430),
  ('Parmigiano',5,60340),
  ('Spezzatino',5,183450),
  ('Carne di Maiale',5,149020),
  ('Vino Bianco',5,69740),
  ('Tortellini',6,198760),
  ('Burro',6,39780),
  ('Parmigiano',6,50670),
  ('Filetto di Salmone',6,162340),
  ('Limone',6,3120),
  ('Olio di oliva',6,30450),
  ('Pomodoro',7,102340),
  ('Mozzarella',7,102560),
  ('Basilico',7,27650),
  ('Olio di oliva',7,50780),
  ('Branzino',7,183450),
  ('Prezzemolo',7,5230),
  ('Melanzane',8,198760),
  ('Pomodoro',8,149870),
  ('Mozzarella',8,90230),
  ('Parmigiano',8,40780),
  ('Calamari',8,162340),
  ('Farina',8,80340),
  ('Olio di oliva',8,205670),
  ('Tortellini',9,182450),
  ('Burro',9,50340),
  ('Parmigiano',9,45320),
  ('Riso Arborio',9,197650),
  ('Mozzarella',9,60230),
  ('Farina',9,70560),
  ('Uova',9,2450),
  ('Prosciutto',10,100340),
  ('Carpaccio di Manzo',10,80340),
  ('Mozzarella',10,70230),
  ('Mascarpone',10,120450),
  ('Zucchero',10,80560),
  ('Uova',10,4560),
  ('Caffe',10,100780),
  ('Cacao',10,30340);


INSERT INTO Fornitore (partita_iva, telefono, email) VALUES
  ('01234567890','+39 02 12345678','info@agricolaverdi.it'),
  ('12345678901','+39 06 23456789','ordini@mareblu.it'),
  ('23456789012','+39 031 34567890','contatti@caseificiopiemonte.it'),
  ('34567890123','+39 041 45678901','vendite@forniroma.it'),
  ('45678901234','+39 051 56789012','mail@pastificiobella.it'),
  ('56789012345','+39 0584 678901','info@cantinarossa.it'),
  ('67890123456','+39 070 78901234','ordini@oliodellatina.it'),
  ('78901234567','+39 080 89012345','contatti@salumiparma.it'),
  ('89012345678','+39 0892 901234','vendite@dolcetalento.it'),
  ('90123456789','+39 095 0123456','mail@pasticceriabianchi.it'),
  ('01239876543','+39 011 12349876','info@cooperativaagri.it'),
  ('12348765901','+39 02 23458765','ordini@mercatofrutta.it'),
  ('23457689012','+39 06 34567890','contatti@azieventi.it'),
  ('34568790123','+39 041 45678012','vendite@oropiceno.it'),
  ('45679801234','+39 051 56780123','mail@generiditalia.it');


INSERT INTO Fornitura (manager, fornitore, data, ora) VALUES
  ('CASSMI80C03F205A','01234567890','2025-05-10','09:30:00'),
  ('DCTFRC75A05L219C','12345678901','2025-05-11','10:15:00'),
  ('LLMGLR89E16J452W','23456789012','2025-05-12','11:00:00'),
  ('PLBSDL77G17V501K','34567890123','2025-05-13','14:45:00'),
  ('MZTPLO83I29X321L','45678901234','2025-05-14','08:20:00'),
  ('TPRFRN79K10N456M','56789012345','2025-05-15','12:10:00'),
  ('VNTGRT76M21O789P','67890123456','2025-05-16','15:50:00'),
  ('BRTMRA91A01C354L','78901234567','2025-05-17','09:05:00'),
  ('TSDNDR83C25E456Q','89012345678','2025-05-18','13:25:00'),
  ('PRSLGA82E17H234M','90123456789','2025-05-19','10:40:00'),
  ('CASSMI80C03F205A','01234567890','2025-05-10','09:30:00'),
  ('DCTFRC75A05L219C','12345678901','2025-05-11','10:15:00'),
  ('LLMGLR89E16J452W','23456789012','2025-05-12','11:00:00'),
  ('PLBSDL77G17V501K','34567890123','2025-05-13','14:45:00'),
  ('MZTPLO83I29X321L','45678901234','2025-05-14','08:20:00'),
  ('TPRFRN79K10N456M','56789012345','2025-05-15','12:10:00'),
  ('VNTGRT76M21O789P','67890123456','2025-05-16','15:50:00'),
  ('BRTMRA91A01C354L','78901234567','2025-05-17','09:05:00'),
  ('TSDNDR83C25E456Q','89012345678','2025-05-18','13:25:00'),
  ('PRSLGA82E17H234M','90123456789','2025-05-19','10:40:00');


INSERT INTO Contenuto (fornitura, ingrediente, quantita, prezzo_unita) VALUES
  (1,'Spaghetti',25000,0.15),
  (1,'Pomodoro',30000,0.50),
  (1,'Olio di oliva',15000,3.20),
  (1,'Basilico',12000,1.00),
  (1,'Pecorino',25000,2.50),
  (2,'Penne',22000,0.14),
  (2,'Pomodoro',26000,0.48),
  (2,'Pepe',15000,4.00),
  (2,'Aglio',13000,0.80),
  (2,'Verdure Miste',23000,1.20),
  (3,'Lasagna',18000,1.50),
  (3,'Carne di Manzo',26000,2.20),
  (3,'Pomodoro',21000,0.45),
  (3,'Parmigiano',24000,2.70),
  (3,'Vitello',28000,2.30),
  (4,'Gnocchi',24000,0.18),
  (4,'Basilico',14000,1.10),
  (4,'Olio di oliva',18000,3.00),
  (4,'Parmigiano',21000,2.60),
  (4,'Prosciutto',20000,2.80),
  (5,'Fettuccine',23000,0.90),
  (5,'Burro',20000,1.20),
  (5,'Panna',26000,1.50),
  (5,'Parmigiano',24000,2.60),
  (5,'Spezzatino',29000,2.10),
  (6,'Tortellini',27000,1.00),
  (6,'Burro',17000,1.15),
  (6,'Parmigiano',22000,2.50),
  (6,'Filetto di Salmone',24000,3.40),
  (6,'Limone',14000,0.60),
  (7,'Pomodoro',22000,0.55),
  (7,'Mozzarella',23000,1.80),
  (7,'Basilico',13000,1.00),
  (7,'Olio di oliva',18000,3.10),
  (7,'Branzino',25000,4.00),
  (8,'Melanzane',26000,0.70),
  (8,'Pomodoro',24000,0.50),
  (8,'Mozzarella',22000,1.80),
  (8,'Parmigiano',23000,2.70),
  (8,'Calamari',27000,3.00),
  (9,'Tortellini',24000,1.00),
  (9,'Burro',19000,1.20),
  (9,'Parmigiano',22000,2.60),
  (9,'Riso Arborio',25000,0.60),
  (9,'Mozzarella',21000,1.80),
  (10,'Prosciutto',23000,2.90),
  (10,'Carpaccio di Manzo',22000,3.20),
  (10,'Mozzarella',21000,1.80),
  (10,'Mascarpone',24000,2.10),
  (10,'Zucchero',20000,0.50),
  (11,'Pomodoro',15000,0.90),
  (11,'Basilico',2000,1.50),
  (11,'Olio di oliva',8000,3.20),

  (12,'Spaghetti',12000,1.10),
  (12,'Penne',10000,0.95),
  (12,'Pepe',1500,2.00),

  (13,'Funghi',9000,2.50),
  (13,'Riso Arborio',11000,1.80),
  (13,'Parmigiano',7000,1.20),

  (14,'Gnocchi',8000,1.00),
  (14,'Tortellini',3000,2.10),
  (14,'Olio di oliva',5000,3.15),

  (15,'Tortellini',10000,1.60),
  (15,'Fettuccine',5000,0.50),
  (15,'Parmigiano',6000,1.25),

  (16,'Mozzarella',9000,1.40),
  (16,'Prosciutto',7000,2.30),
  (16,'Olive',4000,1.75),

  (17,'Lasagna',8000,1.90),
  (17,'Carne di Manzo',12000,3.00),
  (17,'Pomodoro',6000,1.10),

  (18,'Melanzane',10000,1.20),
  (18,'Pomodoro',9000,0.85),
  (18,'Parmigiano',5000,1.30),

  (19,'Calamari',7000,2.80),
  (19,'Farina',8000,0.60),
  (19,'Olio di oliva',9000,3.00),

  (20,'Mascarpone',6000,1.75),
  (20,'Zucchero',8000,0.40),
  (20,'Caffe',7000,2.20);


INSERT INTO Prenotazione (cliente, caposala, sala, tavolo, data_prenotazione, ora_inizio, ora_fine, num_persone) VALUES
  ('sara.colombo@example.com','BRCBRG82H12E701B','F1_S1',1,'2025-06-01','12:00:00','13:30:00',2),
  ('marco.russo@example.com','SCNLRN86G05J345P','F1_S2',2,'2025-06-02','13:00:00','14:30:00',4),
  ('matteo.giuliani@example.com','MLGSPN87G20H805K','F1_S3',3,'2025-06-03','18:00:00','19:30:00',3),
  ('riccardo.ferrari@example.com','BRCBRG82H12E701B','F1_S1',4,'2025-06-04','20:00:00','22:00:00',5),
  ('giorgio.mancini@example.com','SCNLRN86G05J345P','F1_S2',1,'2025-06-05','19:30:00','21:00:00',2),
  ('valentina.fontana@example.com','MLGSPN87G20H805K','F1_S3',2,'2025-06-06','17:00:00','18:30:00',4),
  ('stefano.moretti@example.com','SRTGLI78D02N890D','F2_S1',1,'2025-06-07','12:30:00','13:30:00',2),
  ('cristina.marini@example.com','ZNNTRR92H14J890N','F2_S2',2,'2025-06-08','14:00:00','15:30:00',3),
  ('elena.colombo@example.com','SPNTRN88H21I905L','F2_S3',3,'2025-06-09','18:30:00','20:00:00',6),
  ('rossella.lombardi@example.com','SRTGLI78D02N890D','F2_S1',4,'2025-06-10','19:00:00','20:30:00',4),
  ('giada.serra@example.com','ZNNTRR92H14J890N','F2_S2',1,'2025-06-11','13:00:00','14:00:00',2),
  ('marco.vitale@example.com','SPNTRN88H21I905L','F2_S3',2,'2025-06-12','20:30:00','22:00:00',5),
  ('marco.santoro@example.com','RNCLTC84F23R123P','F3_S1',1,'2025-06-13','12:00:00','13:00:00',3),
  ('elena.marini@example.com','BRGTRN89I22J015M','F3_S2',2,'2025-06-14','18:00:00','19:00:00',2),
  ('laura.testa@example.com','STFNRT90K11D234V','F3_S3',3,'2025-06-15','19:15:00','20:45:00',4),
  ('barbara.russo@example.com','RNCLTC84F23R123P','F3_S1',4,'2025-06-16','20:00:00','21:30:00',6),
  ('emanuele.moretti@example.com','BRGTRN89I22J015M','F3_S2',1,'2025-06-17','13:00:00','14:30:00',3),
  ('edoardo.costa@example.com','STFNRT90K11D234V','F3_S3',2,'2025-06-18','17:30:00','19:00:00',2),
  ('marco.marino@example.com','PLARCZ85M20L654N','F4_S1',1,'2025-06-19','12:45:00','14:15:00',4),
  ('vincenzo.bellini@example.com','CPLCRN90J23K125N','F4_S2',2,'2025-06-20','18:00:00','19:30:00',2),
  ('simone.mancini@example.com','FNDTRD80H04Q876X','F4_S3',3,'2025-06-21','19:00:00','20:30:00',5),
  ('cristina.palmieri@example.com','PLARCZ85M20L654N','F4_S1',4,'2025-06-22','20:00:00','21:30:00',3),
  ('giada.lombardi@example.com','CPLCRN90J23K125N','F4_S2',1,'2025-06-23','17:00:00','18:30:00',2),
  ('giorgio.russo@example.com','FNDTRD80H04Q876X','F4_S3',2,'2025-06-24','13:00:00','14:30:00',4),
  ('angela.conte@example.com','VRDCFN81A01F205R','F5_S1',1,'2025-06-25','18:00:00','19:30:00',2),
  ('matteo.conte@example.com','VRDCFN81A01F205R','F5_S1',3,'2025-06-27','20:00:00','21:30:00',4),
  ('luca.giuliani@example.com','BGNLSS85J07C998N','F5_S2',4,'2025-06-28','12:00:00','13:30:00',3),
  ('chiara.ferrari@example.com','MTPCLL82B15C305E','F6_S1',1,'2025-06-29','18:30:00','20:00:00',2),
  ('giada.luca@example.com','CRDGFR81L17S654Z','F6_S2',2,'2025-06-30','19:00:00','20:30:00',4),

  ('sara.colombo@example.com','BRCBRG82H12E701B','F1_S1',1,'2025-07-15','18:00:00',NULL,4),
  ('marco.russo@example.com','SCNLRN86G05J345P','F1_S2',1,'2025-07-15','19:30:00',NULL,2),
  ('matteo.giuliani@example.com','MLGSPN87G20H805K','F1_S3',1,'2025-07-15','18:15:00',NULL,5),
  ('riccardo.ferrari@example.com','BRCBRG82H12E701B','F1_S1',2,'2025-07-15','20:00:00',NULL,3),
  ('giorgio.mancini@example.com','SRTGLI78D02N890D','F2_S1',1,'2025-07-15','18:00:00',NULL,4),
  ('valentina.fontana@example.com','ZNNTRR92H14J890N','F2_S2',1,'2025-07-15','20:30:00',NULL,2),
  ('stefano.moretti@example.com','SPNTRN88H21I905L','F2_S3',1,'2025-07-15','18:45:00',NULL,5),
  ('cristina.marini@example.com','SRTGLI78D02N890D','F2_S1',2,'2025-07-15','20:15:00',NULL,3),
  ('emanuele.moretti@example.com','RNCLTC84F23R123P','F3_S1',1,'2025-07-15','18:00:00',NULL,2),
  ('edoardo.costa@example.com','BRGTRN89I22J015M','F3_S2',1,'2025-07-15','20:00:00',NULL,6),
  ('laura.testa@example.com','STFNRT90K11D234V','F3_S3',1,'2025-07-15','18:30:00',NULL,3),
  ('barbara.russo@example.com','RNCLTC84F23R123P','F3_S1',3,'2025-07-15','20:15:00',NULL,4),
  ('marco.marino@example.com','PLARCZ85M20L654N','F4_S1',1,'2025-07-15','18:00:00',NULL,5),
  ('rossella.lombardi@example.com','CPLCRN90J23K125N','F4_S2',1,'2025-07-15','20:00:00',NULL,2),
  ('simone.mancini@example.com','FNDTRD80H04Q876X','F4_S3',1,'2025-07-15','18:15:00',NULL,4),
  ('giada.lombardi@example.com','PLARCZ85M20L654N','F4_S1',2,'2025-07-15','20:30:00',NULL,3),
  ('angela.conte@example.com','VRDCFN81A01F205R','F5_S1',1,'2025-07-15','18:00:00',NULL,4),
  ('matteo.conte@example.com','MTPCLL82B15C305E','F6_S1',1,'2025-07-15','18:45:00',NULL,5),
  ('luca.giuliani@example.com','CRDGFR81L17S654Z','F6_S2',1,'2025-07-15','20:15:00',NULL,3);


INSERT INTO Composizione (ordine, piatto, quantita) VALUES
  (1,'Spaghetti al Pomodoro',2),
  (1,'Penne all Arrabbiata',1),
  (2,'Risotto ai Funghi',3),
  (2,'Gnocchi al Pesto',1),
  (3,'Fettuccine Alfredo',2),
  (3,'Carbonara',1),
  (4,'Tortellini in Brodo',3),
  (4,'Insalata Caprese',1),
  (5,'Bruschetta al Pomodoro',2),
  (5,'Affettati Misti',1),
  (6,'Lasagna alla Bolognese',1),
  (6,'Minestrone',2),
  (7,'Parmigiana di Melanzane',1),
  (7,'Ossobuco',1),
  (8,'Saltimbocca alla Romana',2),
  (8,'Spezzatino di Manzo',1),
  (9,'Filetto di Salmone',1),
  (9,'Branzino al Forno',2),
  (10,'Frittura di Calamari',1),
  (10,'Tiramisu',1),
  (11,'Crostatine ai Frutti di Bosco',2),
  (11,'Sorbetto al Limone',1),
  (12,'Spaghetti al Pomodoro',1),
  (12,'Penne all Arrabbiata',2),
  (13,'Risotto ai Funghi',1),
  (13,'Gnocchi al Pesto',3),
  (14,'Fettuccine Alfredo',2),
  (14,'Carbonara',1),
  (15,'Tortellini in Brodo',1),
  (15,'Insalata Caprese',2),
  (16,'Bruschetta al Pomodoro',1),
  (16,'Affettati Misti',2),
  (17,'Lasagna alla Bolognese',2),
  (17,'Minestrone',1),
  (18,'Parmigiana di Melanzane',1),
  (18,'Ossobuco',2),
  (19,'Saltimbocca alla Romana',1),
  (19,'Spezzatino di Manzo',2),
  (20,'Filetto di Salmone',1),
  (20,'Branzino al Forno',1),
  (21,'Frittura di Calamari',2),
  (21,'Tiramisu',1),
  (22,'Crostatine ai Frutti di Bosco',1),
  (22,'Sorbetto al Limone',2),
  (23,'Spaghetti al Pomodoro',1),
  (23,'Penne all Arrabbiata',1),
  (24,'Risotto ai Funghi',2),
  (24,'Gnocchi al Pesto',1),
  (25,'Fettuccine Alfredo',1),
  (25,'Carbonara',3),
  (26,'Tortellini in Brodo',1),
  (26,'Insalata Caprese',2),
  (27,'Bruschetta al Pomodoro',1),
  (27,'Affettati Misti',1),
  (28,'Lasagna alla Bolognese',1),
  (28,'Minestrone',2),
  (29,'Parmigiana di Melanzane',2),
  (29,'Ossobuco',1),
  (30,'Saltimbocca alla Romana',1),
  (30,'Spezzatino di Manzo',1),
  (31,'Filetto di Salmone',2),
  (31,'Branzino al Forno',1),
  (32,'Frittura di Calamari',1),
  (32,'Tiramisu',2),
  (33,'Crostatine ai Frutti di Bosco',1),
  (33,'Sorbetto al Limone',1),
  (34,'Spaghetti al Pomodoro',3),
  (34,'Penne all Arrabbiata',1),
  (35,'Risotto ai Funghi',1),
  (35,'Gnocchi al Pesto',2),
  (36,'Fettuccine Alfredo',1),
  (36,'Carbonara',2),
  (37,'Tortellini in Brodo',1),
  (37,'Insalata Caprese',1),
  (38,'Bruschetta al Pomodoro',2),
  (38,'Affettati Misti',1),
  (39,'Lasagna alla Bolognese',1),
  (39,'Minestrone',1),
  (40,'Parmigiana di Melanzane',2),
  (40,'Ossobuco',1),
  (41,'Saltimbocca alla Romana',1),
  (41,'Spezzatino di Manzo',1),
  (42,'Filetto di Salmone',1),
  (42,'Branzino al Forno',1),
  (43,'Frittura di Calamari',2),
  (43,'Tiramisu',1),
  (44,'Crostatine ai Frutti di Bosco',1),
  (44,'Sorbetto al Limone',1),
  (45,'Spaghetti al Pomodoro',1),
  (45,'Penne all Arrabbiata',2),
  (46,'Risotto ai Funghi',2),
  (46,'Gnocchi al Pesto',1),
  (47,'Fettuccine Alfredo',1),
  (47,'Carbonara',2),
  (48,'Tortellini in Brodo',1),
  (48,'Insalata Caprese',2),
  (49,'Bruschetta al Pomodoro',1),
  (49,'Affettati Misti',1),
  (50,'Lasagna alla Bolognese',1),
  (50,'Minestrone',2),
  (51,'Parmigiana di Melanzane',1),
  (51,'Ossobuco',2),
  (52,'Saltimbocca alla Romana',1),
  (52,'Spezzatino di Manzo',1),
  (53,'Filetto di Salmone',1),
  (53,'Branzino al Forno',1),
  (54,'Frittura di Calamari',2),
  (54,'Tiramisu',1),
  (55,'Crostatine ai Frutti di Bosco',1),
  (55,'Sorbetto al Limone',2),
  (56,'Spaghetti al Pomodoro',1),
  (56,'Penne all Arrabbiata',1),
  (57,'Risotto ai Funghi',2),
  (57,'Gnocchi al Pesto',1),
  (58,'Fettuccine Alfredo',1),
  (58,'Carbonara',1),
  (59,'Tortellini in Brodo',2),
  (59,'Insalata Caprese',1),
  (60,'Bruschetta al Pomodoro',1),
  (60,'Affettati Misti',2),
  (61,'Lasagna alla Bolognese',1),
  (61,'Minestrone',1),
  (62,'Parmigiana di Melanzane',1),
  (62,'Ossobuco',2),
  (63,'Saltimbocca alla Romana',1),
  (63,'Spezzatino di Manzo',1),
  (64,'Filetto di Salmone',2),
  (64,'Branzino al Forno',1),
  (65,'Frittura di Calamari',1),
  (65,'Tiramisu',1),
  (66,'Crostatine ai Frutti di Bosco',1),
  (66,'Sorbetto al Limone',1),
  (67,'Spaghetti al Pomodoro',1),
  (67,'Penne all Arrabbiata',2),
  (68,'Risotto ai Funghi',1),
  (68,'Gnocchi al Pesto',1),
  (69,'Fettuccine Alfredo',1),
  (69,'Carbonara',2),
  (70,'Tortellini in Brodo',1),
  (70,'Insalata Caprese',1),
  (71,'Bruschetta al Pomodoro',1),
  (71,'Affettati Misti',1),
  (72,'Lasagna alla Bolognese',1),
  (72,'Minestrone',2),
  (73,'Parmigiana di Melanzane',2),
  (73,'Ossobuco',1),
  (74,'Saltimbocca alla Romana',1),
  (74,'Spezzatino di Manzo',1),
  (75,'Filetto di Salmone',1),
  (75,'Branzino al Forno',1),
  (76,'Frittura di Calamari',1),
  (76,'Tiramisu',2),
  (77,'Crostatine ai Frutti di Bosco',1),
  (77,'Sorbetto al Limone',1),
  (78,'Spaghetti al Pomodoro',1),
  (78,'Penne all Arrabbiata',1),
  (79,'Risotto ai Funghi',1),
  (79,'Gnocchi al Pesto',1),
  (80,'Fettuccine Alfredo',1),
  (80,'Carbonara',1),
  (81,'Tortellini in Brodo',1),
  (81,'Insalata Caprese',1),
  (82,'Bruschetta al Pomodoro',1),
  (82,'Affettati Misti',1),
  (83,'Lasagna alla Bolognese',1),
  (83,'Minestrone',1),
  (84,'Parmigiana di Melanzane',1),
  (84,'Ossobuco',1),
  (85,'Saltimbocca alla Romana',1),
  (85,'Spezzatino di Manzo',1),
  (86,'Filetto di Salmone',1),
  (86,'Branzino al Forno',1),
  (87,'Frittura di Calamari',1),
  (87,'Tiramisu',1),
  (88,'Crostatine ai Frutti di Bosco',1),
  (88,'Sorbetto al Limone',1),
  (89,'Spaghetti al Pomodoro',1),
  (89,'Penne all Arrabbiata',1),
  (90,'Risotto ai Funghi',1),
  (90,'Gnocchi al Pesto',1),
  (91,'Fettuccine Alfredo',1),
  (91,'Carbonara',1),
  (92,'Tortellini in Brodo',1),
  (92,'Insalata Caprese',1),
  (93,'Bruschetta al Pomodoro',1),
  (93,'Affettati Misti',1),
  (94,'Lasagna alla Bolognese',1),
  (94,'Minestrone',1),
  (95,'Parmigiana di Melanzane',1),
  (95,'Ossobuco',1),
  (96,'Saltimbocca alla Romana',1),
  (96,'Spezzatino di Manzo',1),
  (97,'Filetto di Salmone',1),
  (97,'Branzino al Forno',1),
  (98,'Frittura di Calamari',1),
  (98,'Tiramisu',1),
  (99,'Crostatine ai Frutti di Bosco',1),
  (99,'Sorbetto al Limone',1);

-- QUERY 
-- query 1: Top 10 clienti per spesa totale (delivery + asporto)
SELECT o.cliente AS cliente_email, 
SUM(c.quantita * p.prezzo) AS spesa_totale_euro
FROM Ordine o
JOIN Composizione c ON c.ordine = o.id
JOIN Piatto p ON p.nome = c.piatto
GROUP BY o.cliente
ORDER BY spesa_totale_euro DESC
LIMIT 10;

-- query 2: Fornitori per numero di ingredienti distinti forniti ad una singola filiale
SELECT f.partita_iva AS fornitore_piva, 
f.email AS fornitore_email, 
MAX(sub.ingredienti_forniti) AS max_ingredienti_forniti
FROM (
    SELECT fo.fornitore, 
    d.filiale, 
    COUNT(DISTINCT c.ingrediente) AS ingredienti_forniti
    FROM Fornitura fo
    JOIN Dipendente d ON d.cf = fo.manager
    JOIN Contenuto c ON c.fornitura = fo.id
    GROUP BY fo.fornitore, d.filiale
) AS sub
JOIN Fornitore f ON f.partita_iva = sub.fornitore
GROUP BY f.partita_iva, f.email
ORDER BY max_ingredienti_forniti DESC;

-- query 3: Lista dei 10 ingredienti più consumati in assoluto
SELECT r.ingrediente AS nome_ingrediente,
SUM(c.quantita * r.quantita) AS totale_consumato
FROM Composizione c
JOIN Ricetta r ON r.piatto = c.piatto
GROUP BY r.ingrediente
ORDER BY totale_consumato DESC
LIMIT 10;

-- query 4: Filiali ordinate per quantità di piatti disponibili da inventario
SELECT f.citta AS filiale_citta,
f.indirizzo AS filiale_indirizzo,
COUNT(DISTINCT c.piatto) AS piatti_disponibili
FROM Filiale f
JOIN Ordine o ON o.filiale = f.id
JOIN Composizione c ON c.ordine = o.id
WHERE NOT EXISTS (
    SELECT 1
    FROM Ricetta r
    LEFT JOIN Inventario inv
    ON inv.ingrediente = r.ingrediente
    AND inv.filiale = f.id
    WHERE r.piatto = c.piatto
    AND (inv.quantita IS NULL OR inv.quantita < r.quantita)
)
GROUP BY f.citta, f.indirizzo
ORDER BY piatti_disponibili DESC;

-- query 5: Top 5 clienti con più prenotazioni complessive nella stessa filiale
SELECT pr.cliente AS cliente_email,
d.filiale AS filiale_id,
COUNT(*) AS numero_prenotazioni
FROM Prenotazione pr
JOIN Dipendente d ON pr.caposala = d.cf
GROUP BY pr.cliente, d.filiale
ORDER BY numero_prenotazioni DESC
LIMIT 5;


-- INDICI
CREATE INDEX idx_fornitura_manager ON Fornitura USING HASH(manager);
CREATE INDEX idx_prenotazione_caposala ON Prenotazione USING HASH(caposala);
CREATE INDEX idx_composizione_ordine ON Composizione USING HASH(ordine);